id_fibra,banda_hz,banda_min_hz,banda_max_hz,risposta_dbfs,rumore_dbfs,snr_db,banda_coperta,risposta_std_db,std_sospetta,registrazione_sospetta,n_registrazioni_sweep,n_registrazioni_escluse_clip,confidenza_allineamento_min,confidenza_allineamento_media,confidenza_allineamento_max,significativita_min_fibra,significativita_media_fibra,n_allineamenti_incerti_fibra,std_offset_ms_fibra,copertura_pct_fibra,snr_medio_fibra,snr_minimo_fibra,banda_piu_debole_fibra
fibra1,20-27Hz,20.0,26.600270829256047,-68.57918593635017,-71.83187674855228,3.252690812202104,False,1.5101935871668748,False,,18,0,0.008853973319178268,0.026024504188241603,0.056361154523419055,4.39148408645483,13.784413660515535,1,496.5885742154402,85.0,8.135957836199319,3.252690812202104,20-27Hz
fibra1,27-35Hz,26.600270829256047,35.37872040948852,-69.03603993491153,nan,nan,False,1.1460434037655207,False,,18,0,0.008853973319178268,0.026024504188241603,0.056361154523419055,4.39148408645483,13.784413660515535,1,496.5885742154402,85.0,8.135957836199319,3.252690812202104,20-27Hz
fibra1,35-47Hz,35.37872040948852,47.05417722424615,-65.62722368941866,-74.3125027418687,8.685279052450042,True,3.251840054347401,True,campione_1785917091240.wav,18,0,0.008853973319178268,0.026024504188241603,0.056361154523419055,4.39148408645483,13.784413660515535,1,496.5885742154402,85.0,8.135957836199319,3.252690812202104,20-27Hz
fibra1,47-63Hz,47.05417722424615,62.58269289063796,-65.0243698548793,nan,nan,False,3.2226298444721677,True,campione_1785917091240.wav,18,0,0.008853973319178268,0.026024504188241603,0.056361154523419055,4.39148408645483,13.784413660515535,1,496.5885742154402,85.0,8.135957836199319,3.252690812202104,20-27Hz
fibra1,63-83Hz,62.58269289063796,83.23582900575636,-62.49506497113038,-75.07044499852229,12.575380027391908,True,3.252259969788469,True,campione_1785917520682.wav,18,0,0.008853973319178268,0.026024504188241603,0.056361154523419055,4.39148408645483,13.784413660515535,1,496.5885742154402,85.0,8.135957836199319,3.252690812202104,20-27Hz
fibra1,83-111Hz,83.23582900575636,110.70477971253825,-61.499791600940455,-69.7219128562508,8.222121255310341,True,4.074938790015578,True,campione_1785917265991.wav,18,0,0.008853973319178268,0.026024504188241603,0.056361154523419055,4.39148408645483,13.784413660515535,1,496.5885742154402,85.0,8.135957836199319,3.252690812202104,20-27Hz
fibra1,111-147Hz,110.70477971253825,147.23885612233238,-56.632619240762224,-69.25445620499745,12.621836964235229,True,4.929836876583282,True,campione_1785917556062.wav,18,0,0.008853973319178268,0.026024504188241603,0.056361154523419055,4.39148408645483,13.784413660515535,1,496.5885742154402,85.0,8.135957836199319,3.252690812202104,20-27Hz
fibra1,147-196Hz,147.23885612233238,195.82967247219528,-61.14391979218525,-73.88349570788147,12.739575915696214,True,6.276330532887638,True,campione_1785917265991.wav,18,0,0.008853973319178268,0.026024504188241603,0.056361154523419055,4.39148408645483,13.784413660515535,1,496.5885742154402,85.0,8.135957836199319,3.252690812202104,20-27Hz
fibra1,196-260Hz,195.82967247219528,260.4561162082451,-67.73910387176969,-76.91573577492561,9.176631903155922,True,5.492697862746106,True,campione_1785917392996.wav,18,0,0.008853973319178268,0.026024504188241603,0.056361154523419055,4.39148408645483,13.784413660515535,1,496.5885742154402,85.0,8.135957836199319,3.252690812202104,20-27Hz
fibra1,260-346Hz,260.4561162082451,346.41016151377556,-70.32243333784409,-77.21949143654102,6.897058098696931,True,3.4389133687842013,True,campione_1785917392996.wav,18,0,0.008853973319178268,0.026024504188241603,0.056361154523419055,4.39148408645483,13.784413660515535,1,496.5885742154402,85.0,8.135957836199319,3.252690812202104,20-27Hz
fibra1,346-461Hz,346.41016151377556,460.7302057136375,-70.030004947495,-77.19262469558707,7.1626197480920695,True,7.072841669405481,True,campione_1785917106829.wav,18,0,0.008853973319178268,0.026024504188241603,0.056361154523419055,4.39148408645483,13.784413660515535,1,496.5885742154402,85.0,8.135957836199319,3.252690812202104,20-27Hz
fibra1,461-613Hz,460.7302057136375,612.777412560081,-70.35751004412826,-77.41324750636606,7.055737462237801,True,4.5324919900070135,True,campione_1785917503244.wav,18,0,0.008853973319178268,0.026024504188241603,0.056361154523419055,4.39148408645483,13.784413660515535,1,496.5885742154402,85.0,8.135957836199319,3.252690812202104,20-27Hz
fibra1,613-815Hz,612.777412560081,815.0022566074459,-70.58569545843886,-77.41857680670321,6.832881348264351,True,1.9160190764001468,False,,18,0,0.008853973319178268,0.026024504188241603,0.056361154523419055,4.39148408645483,13.784413660515535,1,496.5885742154402,85.0,8.135957836199319,3.252690812202104,20-27Hz
fibra1,815-1084Hz,815.0022566074459,1083.9640376106447,-70.77884036830041,-77.32645685197302,6.547616483672613,True,1.1754347548264177,False,,18,0,0.008853973319178268,0.026024504188241603,0.056361154523419055,4.39148408645483,13.784413660515535,1,496.5885742154402,85.0,8.135957836199319,3.252690812202104,20-27Hz
fibra1,1084-1442Hz,1083.9640376106447,1441.686848480853,-70.86935647641702,-77.32357227248342,6.454215796066393,True,0.5873671360793996,False,,18,0,0.008853973319178268,0.026024504188241603,0.056361154523419055,4.39148408645483,13.784413660515535,1,496.5885742154402,85.0,8.135957836199319,3.252690812202104,20-27Hz
fibra1,1442-1917Hz,1441.686848480853,1917.463031028364,-71.42967780271212,-77.45052917495373,6.020851372241609,True,0.48375457588337056,False,,18,0,0.008853973319178268,0.026024504188241603,0.056361154523419055,4.39148408645483,13.784413660515535,1,496.5885742154402,85.0,8.135957836199319,3.252690812202104,20-27Hz
fibra1,1917-2550Hz,1917.463031028364,2550.251796522036,-70.62917514726799,-77.44156620913981,6.812391061871821,True,0.5625733305933074,False,,18,0,0.008853973319178268,0.026024504188241603,0.056361154523419055,4.39148408645483,13.784413660515535,1,496.5885742154402,85.0,8.135957836199319,3.252690812202104,20-27Hz
fibra1,2550-3392Hz,2550.251796522036,3391.8694235141465,-69.66959120167368,-77.48861399699523,7.819022795321544,True,0.318521595238834,False,,18,0,0.008853973319178268,0.026024504188241603,0.056361154523419055,4.39148408645483,13.784413660515535,1,496.5885742154402,85.0,8.135957836199319,3.252690812202104,20-27Hz
fibra1,3392-4511Hz,3391.8694235141465,4511.232264147444,-69.74627660799143,-77.56464095080749,7.818364342816054,True,0.32618373907435116,False,,18,0,0.008853973319178268,0.026024504188241603,0.056361154523419055,4.39148408645483,13.784413660515535,1,496.5885742154402,85.0,8.135957836199319,3.252690812202104,20-27Hz
fibra1,4511-6000Hz,4511.232264147444,6000.0,-82.94717785159078,-92.70014446345559,9.752966611864807,True,0.41706008310563447,False,,18,0,0.008853973319178268,0.026024504188241603,0.056361154523419055,4.39148408645483,13.784413660515535,1,496.5885742154402,85.0,8.135957836199319,3.252690812202104,20-27Hz
fibra2,20-27Hz,20.0,26.600270829256047,-67.17277001793036,-72.40958135559612,5.236811337665756,False,0.9771433555800586,False,,15,0,0.0032332093544605953,0.01176825368548093,0.02196050214699799,4.927031806183313,7.637977035976402,1,669.0312237472667,85.0,8.067984044418466,5.236811337665756,20-27Hz
fibra2,27-35Hz,26.600270829256047,35.37872040948852,-67.29497709231028,nan,nan,False,0.7464450243309553,False,,15,0,0.0032332093544605953,0.01176825368548093,0.02196050214699799,4.927031806183313,7.637977035976402,1,669.0312237472667,85.0,8.067984044418466,5.236811337665756,20-27Hz
fibra2,35-47Hz,35.37872040948852,47.05417722424615,-67.29599522944002,-75.00360541293948,7.707610183499455,True,1.0040822212165774,False,,15,0,0.0032332093544605953,0.01176825368548093,0.02196050214699799,4.927031806183313,7.637977035976402,1,669.0312237472667,85.0,8.067984044418466,5.236811337665756,20-27Hz
fibra2,47-63Hz,47.05417722424615,62.58269289063796,-66.64628468481473,nan,nan,False,0.8729996325914164,False,,15,0,0.0032332093544605953,0.01176825368548093,0.02196050214699799,4.927031806183313,7.637977035976402,1,669.0312237472667,85.0,8.067984044418466,5.236811337665756,20-27Hz
fibra2,63-83Hz,62.58269289063796,83.23582900575636,-67.7515039830606,-76.18803762250928,8.436533639448683,True,1.216566200349701,False,,15,0,0.0032332093544605953,0.01176825368548093,0.02196050214699799,4.927031806183313,7.637977035976402,1,669.0312237472667,85.0,8.067984044418466,5.236811337665756,20-27Hz
fibra2,83-111Hz,83.23582900575636,110.70477971253825,-68.48145448070225,-76.42465969296481,7.943205212262555,True,0.8654572199079007,False,,15,0,0.0032332093544605953,0.01176825368548093,0.02196050214699799,4.927031806183313,7.637977035976402,1,669.0312237472667,85.0,8.067984044418466,5.236811337665756,20-27Hz
fibra2,111-147Hz,110.70477971253825,147.23885612233238,-68.69734830037766,-76.62054730094839,7.923199000570733,True,2.1226153932941783,False,,15,0,0.0032332093544605953,0.01176825368548093,0.02196050214699799,4.927031806183313,7.637977035976402,1,669.0312237472667,85.0,8.067984044418466,5.236811337665756,20-27Hz
fibra2,147-196Hz,147.23885612233238,195.82967247219528,-68.8615302854433,-77.47323920800257,8.611708922559274,True,3.3064824871686818,True,campione_1785919835612.wav,15,0,0.0032332093544605953,0.01176825368548093,0.02196050214699799,4.927031806183313,7.637977035976402,1,669.0312237472667,85.0,8.067984044418466,5.236811337665756,20-27Hz
fibra2,196-260Hz,195.82967247219528,260.4561162082451,-69.85313051018223,-77.77610145217996,7.9229709419977326,True,0.9962627680328944,False,,15,0,0.0032332093544605953,0.01176825368548093,0.02196050214699799,4.927031806183313,7.637977035976402,1,669.0312237472667,85.0,8.067984044418466,5.236811337665756,20-27Hz
fibra2,260-346Hz,260.4561162082451,346.41016151377556,-70.06426611330191,-77.83881058858162,7.774544475279711,True,1.130745247271405,False,,15,0,0.0032332093544605953,0.01176825368548093,0.02196050214699799,4.927031806183313,7.637977035976402,1,669.0312237472667,85.0,8.067984044418466,5.236811337665756,20-27Hz
fibra2,346-461Hz,346.41016151377556,460.7302057136375,-70.064174405382,-78.02501056793844,7.960836162556433,True,2.2073153265888776,False,,15,0,0.0032332093544605953,0.01176825368548093,0.02196050214699799,4.927031806183313,7.637977035976402,1,669.0312237472667,85.0,8.067984044418466,5.236811337665756,20-27Hz
fibra2,461-613Hz,460.7302057136375,612.777412560081,-70.03762364504684,-78.16994783156518,8.132324186518346,True,1.6567859575660597,False,,15,0,0.0032332093544605953,0.01176825368548093,0.02196050214699799,4.927031806183313,7.637977035976402,1,669.0312237472667,85.0,8.067984044418466,5.236811337665756,20-27Hz
fibra2,613-815Hz,612.777412560081,815.0022566074459,-70.35015886994765,-78.34190755945708,7.991748689509436,True,1.0740037913609346,False,,15,0,0.0032332093544605953,0.01176825368548093,0.02196050214699799,4.927031806183313,7.637977035976402,1,669.0312237472667,85.0,8.067984044418466,5.236811337665756,20-27Hz
fibra2,815-1084Hz,815.0022566074459,1083.9640376106447,-70.4655101359996,-78.60354110432078,8.138030968321189,True,1.2230166795365451,False,,15,0,0.0032332093544605953,0.01176825368548093,0.02196050214699799,4.927031806183313,7.637977035976402,1,669.0312237472667,85.0,8.067984044418466,5.236811337665756,20-27Hz
fibra2,1084-1442Hz,1083.9640376106447,1441.686848480853,-71.4288633065616,-78.93202280780693,7.503159501245335,True,0.8803837089608462,False,,15,0,0.0032332093544605953,0.01176825368548093,0.02196050214699799,4.927031806183313,7.637977035976402,1,669.0312237472667,85.0,8.067984044418466,5.236811337665756,20-27Hz
fibra2,1442-1917Hz,1441.686848480853,1917.463031028364,-72.32027230772042,-79.41111344030304,7.090841132582625,True,0.8002636645518191,False,,15,0,0.0032332093544605953,0.01176825368548093,0.02196050214699799,4.927031806183313,7.637977035976402,1,669.0312237472667,85.0,8.067984044418466,5.236811337665756,20-27Hz
fibra2,1917-2550Hz,1917.463031028364,2550.251796522036,-71.90081114270005,-79.62009354858824,7.719282405888194,True,0.6757344775695548,False,,15,0,0.0032332093544605953,0.01176825368548093,0.02196050214699799,4.927031806183313,7.637977035976402,1,669.0312237472667,85.0,8.067984044418466,5.236811337665756,20-27Hz
fibra2,2550-3392Hz,2550.251796522036,3391.8694235141465,-70.82655377810002,-79.95597544968798,9.129421671587963,True,0.48931489904507675,False,,15,0,0.0032332093544605953,0.01176825368548093,0.02196050214699799,4.927031806183313,7.637977035976402,1,669.0312237472667,85.0,8.067984044418466,5.236811337665756,20-27Hz
fibra2,3392-4511Hz,3391.8694235141465,4511.232264147444,-71.35152378407501,-80.25306966547082,8.901545881395805,True,0.5411111813620899,False,,15,0,0.0032332093544605953,0.01176825368548093,0.02196050214699799,4.927031806183313,7.637977035976402,1,669.0312237472667,85.0,8.067984044418466,5.236811337665756,20-27Hz
fibra2,4511-6000Hz,4511.232264147444,6000.0,-84.79490735705181,-95.89484584369497,11.099938486643154,True,0.4046294098773782,False,,15,0,0.0032332093544605953,0.01176825368548093,0.02196050214699799,4.927031806183313,7.637977035976402,1,669.0312237472667,85.0,8.067984044418466,5.236811337665756,20-27Hz
fibra4,20-27Hz,20.0,26.600270829256047,-71.45951928738099,-75.47314790893448,4.013628621553494,False,0.8251611202309475,False,,15,0,0.00916670857361278,0.015477288636188821,0.0459942834096066,5.062996116335965,9.50366599747769,0,680.8681649030119,85.0,7.734721130735058,4.013628621553494,20-27Hz
fibra4,27-35Hz,26.600270829256047,35.37872040948852,-71.60697065392063,nan,nan,False,0.7498598895712846,False,,15,0,0.00916670857361278,0.015477288636188821,0.0459942834096066,5.062996116335965,9.50366599747769,0,680.8681649030119,85.0,7.734721130735058,4.013628621553494,20-27Hz
fibra4,35-47Hz,35.37872040948852,47.05417722424615,-70.51292316677898,-78.39866463252828,7.885741465749305,True,2.004149436898033,False,,15,0,0.00916670857361278,0.015477288636188821,0.0459942834096066,5.062996116335965,9.50366599747769,0,680.8681649030119,85.0,7.734721130735058,4.013628621553494,20-27Hz
fibra4,47-63Hz,47.05417722424615,62.58269289063796,-70.43117352357409,nan,nan,False,1.816288284166214,False,,15,0,0.00916670857361278,0.015477288636188821,0.0459942834096066,5.062996116335965,9.50366599747769,0,680.8681649030119,85.0,7.734721130735058,4.013628621553494,20-27Hz
fibra4,63-83Hz,62.58269289063796,83.23582900575636,-71.3195138292168,-79.96058992134624,8.641076092129438,True,3.004974743015537,True,campione_1785922167653.wav,15,0,0.00916670857361278,0.015477288636188821,0.0459942834096066,5.062996116335965,9.50366599747769,0,680.8681649030119,85.0,7.734721130735058,4.013628621553494,20-27Hz
fibra4,83-111Hz,83.23582900575636,110.70477971253825,-70.97221003535417,-80.4889183641874,9.516708328833232,True,3.417199002762259,True,campione_1785922318017.wav,15,0,0.00916670857361278,0.015477288636188821,0.0459942834096066,5.062996116335965,9.50366599747769,0,680.8681649030119,85.0,7.734721130735058,4.013628621553494,20-27Hz
fibra4,111-147Hz,110.70477971253825,147.23885612233238,-73.56927376715267,-80.90849753544177,7.339223768289102,True,4.098211997162537,True,campione_1785922103329.wav,15,0,0.00916670857361278,0.015477288636188821,0.0459942834096066,5.062996116335965,9.50366599747769,0,680.8681649030119,85.0,7.734721130735058,4.013628621553494,20-27Hz
fibra4,147-196Hz,147.23885612233238,195.82967247219528,-73.96229410272962,-81.54137331374471,7.579079211015099,True,5.0328396146512295,True,campione_1785922069951.wav,15,0,0.00916670857361278,0.015477288636188821,0.0459942834096066,5.062996116335965,9.50366599747769,0,680.8681649030119,85.0,7.734721130735058,4.013628621553494,20-27Hz
fibra4,196-260Hz,195.82967247219528,260.4561162082451,-74.67269014354356,-81.97943065072106,7.306740507177494,True,2.356526698702817,False,,15,0,0.00916670857361278,0.015477288636188821,0.0459942834096066,5.062996116335965,9.50366599747769,0,680.8681649030119,85.0,7.734721130735058,4.013628621553494,20-27Hz
fibra4,260-346Hz,260.4561162082451,346.41016151377556,-75.21323413012321,-82.16792695010294,6.954692819979726,True,2.6217272662205966,False,,15,0,0.00916670857361278,0.015477288636188821,0.0459942834096066,5.062996116335965,9.50366599747769,0,680.8681649030119,85.0,7.734721130735058,4.013628621553494,20-27Hz
fibra4,346-461Hz,346.41016151377556,460.7302057136375,-74.82398786992324,-82.30510085301255,7.481112983089304,True,3.8805866986767277,True,campione_1785922049624.wav,15,0,0.00916670857361278,0.015477288636188821,0.0459942834096066,5.062996116335965,9.50366599747769,0,680.8681649030119,85.0,7.734721130735058,4.013628621553494,20-27Hz
fibra4,461-613Hz,460.7302057136375,612.777412560081,-74.93891682698971,-82.3738099134035,7.434893086413794,True,2.7173444238080147,False,,15,0,0.00916670857361278,0.015477288636188821,0.0459942834096066,5.062996116335965,9.50366599747769,0,680.8681649030119,85.0,7.734721130735058,4.013628621553494,20-27Hz
fibra4,613-815Hz,612.777412560081,815.0022566074459,-75.34098724305555,-82.493438429016,7.1524511859604445,True,1.9250953362967191,False,,15,0,0.00916670857361278,0.015477288636188821,0.0459942834096066,5.062996116335965,9.50366599747769,0,680.8681649030119,85.0,7.734721130735058,4.013628621553494,20-27Hz
fibra4,815-1084Hz,815.0022566074459,1083.9640376106447,-75.34505186139745,-82.51918831920908,7.174136457811628,True,0.46878088606536367,False,,15,0,0.00916670857361278,0.015477288636188821,0.0459942834096066,5.062996116335965,9.50366599747769,0,680.8681649030119,85.0,7.734721130735058,4.013628621553494,20-27Hz
fibra4,1084-1442Hz,1083.9640376106447,1441.686848480853,-75.1673574326619,-82.56070875720295,7.393351324541044,True,0.4599568498241358,False,,15,0,0.00916670857361278,0.015477288636188821,0.0459942834096066,5.062996116335965,9.50366599747769,0,680.8681649030119,85.0,7.734721130735058,4.013628621553494,20-27Hz
fibra4,1442-1917Hz,1441.686848480853,1917.463031028364,-75.51280680547802,-82.87759681294935,7.364790007471328,True,0.49312341302804347,False,,15,0,0.00916670857361278,0.015477288636188821,0.0459942834096066,5.062996116335965,9.50366599747769,0,680.8681649030119,85.0,7.734721130735058,4.013628621553494,20-27Hz
fibra4,1917-2550Hz,1917.463031028364,2550.251796522036,-75.42386782821407,-82.99233079020041,7.5684629619863415,True,0.43443889870176605,False,,15,0,0.00916670857361278,0.015477288636188821,0.0459942834096066,5.062996116335965,9.50366599747769,0,680.8681649030119,85.0,7.734721130735058,4.013628621553494,20-27Hz
fibra4,2550-3392Hz,2550.251796522036,3391.8694235141465,-74.1929213653897,-83.23252421022761,9.039602844837916,True,0.5388263964405215,False,,15,0,0.00916670857361278,0.015477288636188821,0.0459942834096066,5.062996116335965,9.50366599747769,0,680.8681649030119,85.0,7.734721130735058,4.013628621553494,20-27Hz
fibra4,3392-4511Hz,3391.8694235141465,4511.232264147444,-74.74800278012573,-83.44615143602653,8.698148655900795,True,0.36665280259702887,False,,15,0,0.00916670857361278,0.015477288636188821,0.0459942834096066,5.062996116335965,9.50366599747769,0,680.8681649030119,85.0,7.734721130735058,4.013628621553494,20-27Hz
fibra4,4511-6000Hz,4511.232264147444,6000.0,-88.25293898727688,-98.93407901776845,10.681140030491576,True,0.5502099039783672,False,,15,0,0.00916670857361278,0.015477288636188821,0.0459942834096066,5.062996116335965,9.50366599747769,0,680.8681649030119,85.0,7.734721130735058,4.013628621553494,20-27Hz
fibra5,20-27Hz,20.0,26.600270829256047,-67.42818030192308,-73.40038018233233,5.972199880409249,False,5.118712664404311,True,campione_1785924862941.wav,15,0,0.009273563559950503,0.019511520248111845,0.03100017252819126,4.809482033972026,11.654846223130015,1,500.3356125648236,85.0,11.433593625387415,5.972199880409249,20-27Hz
fibra5,27-35Hz,26.600270829256047,35.37872040948852,-66.30920316945512,nan,nan,False,4.698455415256219,True,campione_1785924914249.wav,15,0,0.009273563559950503,0.019511520248111845,0.03100017252819126,4.809482033972026,11.654846223130015,1,500.3356125648236,85.0,11.433593625387415,5.972199880409249,20-27Hz
fibra5,35-47Hz,35.37872040948852,47.05417722424615,-66.85981585516141,-79.18991954996271,12.330103694801295,True,4.028541081266326,True,campione_1785924801307.wav,15,0,0.009273563559950503,0.019511520248111845,0.03100017252819126,4.809482033972026,11.654846223130015,1,500.3356125648236,85.0,11.433593625387415,5.972199880409249,20-27Hz
fibra5,47-63Hz,47.05417722424615,62.58269289063796,-67.74354951742117,nan,nan,False,4.148716655193913,True,campione_1785924914249.wav,15,0,0.009273563559950503,0.019511520248111845,0.03100017252819126,4.809482033972026,11.654846223130015,1,500.3356125648236,85.0,11.433593625387415,5.972199880409249,20-27Hz
fibra5,63-83Hz,62.58269289063796,83.23582900575636,-69.44565083716192,-81.10591096872994,11.660260131568023,True,2.49386256989893,False,,15,0,0.009273563559950503,0.019511520248111845,0.03100017252819126,4.809482033972026,11.654846223130015,1,500.3356125648236,85.0,11.433593625387415,5.972199880409249,20-27Hz
fibra5,83-111Hz,83.23582900575636,110.70477971253825,-71.4069769601888,-81.406078267772,9.999101307583203,True,1.9620238239664118,False,,15,0,0.009273563559950503,0.019511520248111845,0.03100017252819126,4.809482033972026,11.654846223130015,1,500.3356125648236,85.0,11.433593625387415,5.972199880409249,20-27Hz
fibra5,111-147Hz,110.70477971253825,147.23885612233238,-66.59158819513415,-81.80433915204608,15.212750956911933,True,3.6451728424731207,True,campione_1785924705801.wav,15,0,0.009273563559950503,0.019511520248111845,0.03100017252819126,4.809482033972026,11.654846223130015,1,500.3356125648236,85.0,11.433593625387415,5.972199880409249,20-27Hz
fibra5,147-196Hz,147.23885612233238,195.82967247219528,-68.9856454610056,-82.36631290796154,13.38066744695594,True,2.7799416728324924,False,,15,0,0.009273563559950503,0.019511520248111845,0.03100017252819126,4.809482033972026,11.654846223130015,1,500.3356125648236,85.0,11.433593625387415,5.972199880409249,20-27Hz
fibra5,196-260Hz,195.82967247219528,260.4561162082451,-67.38194988755463,-82.62448727457684,15.24253738702221,True,3.9575128285984946,True,campione_1785924765235.wav,15,0,0.009273563559950503,0.019511520248111845,0.03100017252819126,4.809482033972026,11.654846223130015,1,500.3356125648236,85.0,11.433593625387415,5.972199880409249,20-27Hz
fibra5,260-346Hz,260.4561162082451,346.41016151377556,-64.08219432997042,-82.77403398467642,18.691839654706,True,5.251106291007293,True,campione_1785924705801.wav,15,0,0.009273563559950503,0.019511520248111845,0.03100017252819126,4.809482033972026,11.654846223130015,1,500.3356125648236,85.0,11.433593625387415,5.972199880409249,20-27Hz
fibra5,346-461Hz,346.41016151377556,460.7302057136375,-71.64939852332708,-82.81172891724938,11.162330393922304,True,2.079208064916654,False,,15,0,0.009273563559950503,0.019511520248111845,0.03100017252819126,4.809482033972026,11.654846223130015,1,500.3356125648236,85.0,11.433593625387415,5.972199880409249,20-27Hz
fibra5,461-613Hz,460.7302057136375,612.777412560081,-67.16474644529782,-82.86937339094776,15.704626945649935,True,4.181495414543241,True,campione_1785924914249.wav,15,0,0.009273563559950503,0.019511520248111845,0.03100017252819126,4.809482033972026,11.654846223130015,1,500.3356125648236,85.0,11.433593625387415,5.972199880409249,20-27Hz
fibra5,613-815Hz,612.777412560081,815.0022566074459,-72.27552379987199,-82.81358847799945,10.538064678127455,True,1.8886285792291626,False,,15,0,0.009273563559950503,0.019511520248111845,0.03100017252819126,4.809482033972026,11.654846223130015,1,500.3356125648236,85.0,11.433593625387415,5.972199880409249,20-27Hz
fibra5,815-1084Hz,815.0022566074459,1083.9640376106447,-71.20504067123454,-82.72869242510227,11.523651753867725,True,2.3249016647731406,False,,15,0,0.009273563559950503,0.019511520248111845,0.03100017252819126,4.809482033972026,11.654846223130015,1,500.3356125648236,85.0,11.433593625387415,5.972199880409249,20-27Hz
fibra5,1084-1442Hz,1083.9640376106447,1441.686848480853,-73.73707934509595,-82.79162790148438,9.054548556388426,True,1.1075737232186604,False,,15,0,0.009273563559950503,0.019511520248111845,0.03100017252819126,4.809482033972026,11.654846223130015,1,500.3356125648236,85.0,11.433593625387415,5.972199880409249,20-27Hz
fibra5,1442-1917Hz,1441.686848480853,1917.463031028364,-75.59971247133288,-83.13915613134898,7.539443660016104,True,0.5322571160695824,False,,15,0,0.009273563559950503,0.019511520248111845,0.03100017252819126,4.809482033972026,11.654846223130015,1,500.3356125648236,85.0,11.433593625387415,5.972199880409249,20-27Hz
fibra5,1917-2550Hz,1917.463031028364,2550.251796522036,-75.2055897553126,-83.28800698034598,8.082417225033382,True,0.5846023220248454,False,,15,0,0.009273563559950503,0.019511520248111845,0.03100017252819126,4.809482033972026,11.654846223130015,1,500.3356125648236,85.0,11.433593625387415,5.972199880409249,20-27Hz
fibra5,2550-3392Hz,2550.251796522036,3391.8694235141465,-74.23144402533133,-83.61365314904602,9.382209123714688,True,0.6143749501347677,False,,15,0,0.009273563559950503,0.019511520248111845,0.03100017252819126,4.809482033972026,11.654846223130015,1,500.3356125648236,85.0,11.433593625387415,5.972199880409249,20-27Hz
fibra5,3392-4511Hz,3391.8694235141465,4511.232264147444,-74.41455391664259,-83.83677891252962,9.422224995887035,True,0.47207563818735115,False,,15,0,0.009273563559950503,0.019511520248111845,0.03100017252819126,4.809482033972026,11.654846223130015,1,500.3356125648236,85.0,11.433593625387415,5.972199880409249,20-27Hz
fibra5,4511-6000Hz,4511.232264147444,6000.0,-88.4989737624067,-99.40468122681527,10.905707464408565,True,0.37041364666561644,False,,15,0,0.009273563559950503,0.019511520248111845,0.03100017252819126,4.809482033972026,11.654846223130015,1,500.3356125648236,85.0,11.433593625387415,5.972199880409249,20-27Hz
fibra5orizzontale,20-27Hz,20.0,26.600270829256047,-66.92414673087401,-76.71103181776408,9.786885086890067,True,5.814297435248521,True,campione_1785941210477.wav,7,0,0.003033658672588244,0.08239884665406838,0.14379530138876984,5.417669499454769,157.58231656324398,0,617.8120889734564,90.0,21.95753992910339,7.184953421216235,1442-1917Hz
fibra5orizzontale,27-35Hz,26.600270829256047,35.37872040948852,-63.347260877720956,nan,nan,False,5.355492006171369,True,campione_1785941270093.wav,7,0,0.003033658672588244,0.08239884665406838,0.14379530138876984,5.417669499454769,157.58231656324398,0,617.8120889734564,90.0,21.95753992910339,7.184953421216235,1442-1917Hz
fibra5orizzontale,35-47Hz,35.37872040948852,47.05417722424615,-62.81330606756874,-78.4550448109921,15.641738743423367,True,5.689338504843504,True,campione_1785941270093.wav,7,0,0.003033658672588244,0.08239884665406838,0.14379530138876984,5.417669499454769,157.58231656324398,0,617.8120889734564,90.0,21.95753992910339,7.184953421216235,1442-1917Hz
fibra5orizzontale,47-63Hz,47.05417722424615,62.58269289063796,-58.62370288986034,nan,nan,False,4.214749403078008,True,campione_1785941228596.wav,7,0,0.003033658672588244,0.08239884665406838,0.14379530138876984,5.417669499454769,157.58231656324398,0,617.8120889734564,90.0,21.95753992910339,7.184953421216235,1442-1917Hz
fibra5orizzontale,63-83Hz,62.58269289063796,83.23582900575636,-51.752458801104964,-79.30975818922883,27.557299388123866,True,6.9388976316821696,True,campione_1785941210477.wav,7,0,0.003033658672588244,0.08239884665406838,0.14379530138876984,5.417669499454769,157.58231656324398,0,617.8120889734564,90.0,21.95753992910339,7.184953421216235,1442-1917Hz
fibra5orizzontale,83-111Hz,83.23582900575636,110.70477971253825,-49.30529853498903,-79.14379583063902,29.838497295649994,True,10.406310179751113,True,campione_1785941210477.wav,7,0,0.003033658672588244,0.08239884665406838,0.14379530138876984,5.417669499454769,157.58231656324398,0,617.8120889734564,90.0,21.95753992910339,7.184953421216235,1442-1917Hz
fibra5orizzontale,111-147Hz,110.70477971253825,147.23885612233238,-40.487552952057946,-79.0817515860291,38.59419863397115,True,13.454482090596782,True,campione_1785941210477.wav,7,0,0.003033658672588244,0.08239884665406838,0.14379530138876984,5.417669499454769,157.58231656324398,0,617.8120889734564,90.0,21.95753992910339,7.184953421216235,1442-1917Hz
fibra5orizzontale,147-196Hz,147.23885612233238,195.82967247219528,-40.041615747007164,-79.32762121619822,39.28600546919106,True,14.490759294567507,True,campione_1785941270093.wav,7,0,0.003033658672588244,0.08239884665406838,0.14379530138876984,5.417669499454769,157.58231656324398,0,617.8120889734564,90.0,21.95753992910339,7.184953421216235,1442-1917Hz
fibra5orizzontale,196-260Hz,195.82967247219528,260.4561162082451,-49.114321192944885,-80.22464295494801,31.110321762003124,True,11.448111122683219,True,campione_1785941270093.wav,7,0,0.003033658672588244,0.08239884665406838,0.14379530138876984,5.417669499454769,157.58231656324398,0,617.8120889734564,90.0,21.95753992910339,7.184953421216235,1442-1917Hz
fibra5orizzontale,260-346Hz,260.4561162082451,346.41016151377556,-56.53978400007816,-79.99360699582327,23.453822995745114,True,8.786593162086705,True,campione_1785941210477.wav,7,0,0.003033658672588244,0.08239884665406838,0.14379530138876984,5.417669499454769,157.58231656324398,0,617.8120889734564,90.0,21.95753992910339,7.184953421216235,1442-1917Hz
fibra5orizzontale,346-461Hz,346.41016151377556,460.7302057136375,-52.152380935456925,-79.83687451872973,27.684493583272804,True,10.913058100535867,True,campione_1785941228596.wav,7,0,0.003033658672588244,0.08239884665406838,0.14379530138876984,5.417669499454769,157.58231656324398,0,617.8120889734564,90.0,21.95753992910339,7.184953421216235,1442-1917Hz
fibra5orizzontale,461-613Hz,460.7302057136375,612.777412560081,-44.43843319648643,-79.60723533507574,35.168802138589314,True,14.102781007587959,True,campione_1785941270093.wav,7,0,0.003033658672588244,0.08239884665406838,0.14379530138876984,5.417669499454769,157.58231656324398,0,617.8120889734564,90.0,21.95753992910339,7.184953421216235,1442-1917Hz
fibra5orizzontale,613-815Hz,612.777412560081,815.0022566074459,-52.240071924687584,-79.46801986833387,27.227947943646285,True,10.362654207319089,True,campione_1785941228596.wav,7,0,0.003033658672588244,0.08239884665406838,0.14379530138876984,5.417669499454769,157.58231656324398,0,617.8120889734564,90.0,21.95753992910339,7.184953421216235,1442-1917Hz
fibra5orizzontale,815-1084Hz,815.0022566074459,1083.9640376106447,-51.09414523232191,-79.31649419782097,28.222348965499066,True,10.61875846962761,True,campione_1785941228596.wav,7,0,0.003033658672588244,0.08239884665406838,0.14379530138876984,5.417669499454769,157.58231656324398,0,617.8120889734564,90.0,21.95753992910339,7.184953421216235,1442-1917Hz
fibra5orizzontale,1084-1442Hz,1083.9640376106447,1441.686848480853,-61.34275040780884,-79.4342468723502,18.091496464541358,True,5.554328570364397,True,campione_1785941228596.wav,7,0,0.003033658672588244,0.08239884665406838,0.14379530138876984,5.417669499454769,157.58231656324398,0,617.8120889734564,90.0,21.95753992910339,7.184953421216235,1442-1917Hz
fibra5orizzontale,1442-1917Hz,1441.686848480853,1917.463031028364,-72.67402796113636,-79.8589813823526,7.184953421216235,True,0.8846042626452163,False,,7,0,0.003033658672588244,0.08239884665406838,0.14379530138876984,5.417669499454769,157.58231656324398,0,617.8120889734564,90.0,21.95753992910339,7.184953421216235,1442-1917Hz
fibra5orizzontale,1917-2550Hz,1917.463031028364,2550.251796522036,-72.31733523316997,-80.27797225408878,7.96063702091881,True,0.9633197447441751,False,,7,0,0.003033658672588244,0.08239884665406838,0.14379530138876984,5.417669499454769,157.58231656324398,0,617.8120889734564,90.0,21.95753992910339,7.184953421216235,1442-1917Hz
fibra5orizzontale,2550-3392Hz,2550.251796522036,3391.8694235141465,-72.07144343206726,-81.0031225076964,8.931679075629148,True,0.6512570332058428,False,,7,0,0.003033658672588244,0.08239884665406838,0.14379530138876984,5.417669499454769,157.58231656324398,0,617.8120889734564,90.0,21.95753992910339,7.184953421216235,1442-1917Hz
fibra5orizzontale,3392-4511Hz,3391.8694235141465,4511.232264147444,-72.91184725479859,-81.5686561061434,8.656808851344806,True,0.5086372637730452,False,,7,0,0.003033658672588244,0.08239884665406838,0.14379530138876984,5.417669499454769,157.58231656324398,0,617.8120889734564,90.0,21.95753992910339,7.184953421216235,1442-1917Hz
fibra5orizzontale,4511-6000Hz,4511.232264147444,6000.0,-86.5683781976033,-97.40616008180879,10.837781884205498,True,0.3628786623181378,False,,7,0,0.003033658672588244,0.08239884665406838,0.14379530138876984,5.417669499454769,157.58231656324398,0,617.8120889734564,90.0,21.95753992910339,7.184953421216235,1442-1917Hz
